source,title,link,published
Yahoo Finance,Paramount Issuing $47 Billion of Equity at Big Premium to Stock Price for Warner Bros. Deal,https://finance.yahoo.com/m/1b40f81d-a197-3d0e-b111-369d81cb4a8b/paramount-issuing-%2447-billion.html?.tsrc=rss,"Sat, 28 Feb 2026 00:01:00 +0000"
Yahoo Finance,"Buy the Dip in Nvidia Stock After Q4 Earnings, or is it Too Soon?",https://finance.yahoo.com/news/buy-dip-nvidia-stock-q4-224200117.html?.tsrc=rss,"Fri, 27 Feb 2026 22:42:00 +0000"
Yahoo Finance,The 'ripple effects' of Paramount's Warner Bros. victory,https://finance.yahoo.com/video/ripple-effects-paramounts-warner-bros-222728720.html?.tsrc=rss,"Fri, 27 Feb 2026 22:27:28 +0000"
Yahoo Finance,"With Trump’s apparent blessing, the Ellisons are amassing a media empire",https://www.cnn.com/2026/02/26/business/paramount-wbd-merger-david-ellison?.tsrc=rss,"Fri, 27 Feb 2026 21:45:44 +0000"
Yahoo Finance,Netflix Is the Real Winner After Dropping Warner Bros. Bid. CEO Puts Shareholders Over Ego.,https://finance.yahoo.com/m/29795ecc-eae2-390a-8905-e26f39a57d00/netflix-is-the-real-winner.html?.tsrc=rss,"Fri, 27 Feb 2026 21:32:00 +0000"
Yahoo Finance,Can Microsoft Stock Rally on Dynamics 365 Business Applications?,https://finance.yahoo.com/news/microsoft-stock-rally-dynamics-365-145700349.html?.tsrc=rss,"Fri, 27 Feb 2026 14:57:00 +0000"
Yahoo Finance,Wall Street Sees Major Upside in These 4 Beaten-Down Tech Stocks — Is the Selloff Overdone?,https://247wallst.com/investing/2026/02/27/wall-street-sees-major-upside-in-these-4-beaten-down-tech-stocks-is-the-selloff-overdone/?.tsrc=rss,"Fri, 27 Feb 2026 13:40:44 +0000"
Yahoo Finance,Key Twists and Turns in the Warner Deal,https://finance.yahoo.com/m/8716b8e0-9e70-3300-8fa9-47a0e3bf84aa/key-twists-and-turns-in-the.html?.tsrc=rss,"Fri, 27 Feb 2026 12:28:25 +0000"
Yahoo Finance,"Oppenheimer Raises Oracle (ORCL) to Outperform, Sees Strong Long-Term EPS Growth",https://finance.yahoo.com/news/oppenheimer-raises-oracle-orcl-outperform-061627758.html?.tsrc=rss,"Fri, 27 Feb 2026 06:16:27 +0000"
Yahoo Finance,Paramount poised to acquire Warner Bros. after Netflix walks away,https://finance.yahoo.com/news/netflix-walks-away-warner-bros-232102256.html?.tsrc=rss,"Fri, 27 Feb 2026 00:28:58 +0000"
Yahoo Finance,"Paramount wins bidding war for Warner Bros. Discovery, Netflix drops out",https://qz.com/paramount-skydance-wins-warner-bros-discovery-netflix-ellison?.tsrc=rss,"Fri, 27 Feb 2026 00:28:28 +0000"
Yahoo Finance,3 Red Flags Investors Should Consider Before Buying Oracle Stock,https://www.fool.com/investing/2026/02/26/3-red-flags-investors-buy-oracle-stock/?.tsrc=rss,"Thu, 26 Feb 2026 22:47:00 +0000"
Yahoo Finance,Oracle Red Bull Racing Deal Puts AI Cloud Story In Spotlight,https://finance.yahoo.com/news/oracle-red-bull-racing-deal-221111600.html?.tsrc=rss,"Thu, 26 Feb 2026 22:11:11 +0000"
Yahoo Finance,"What is ""AI"" Cap-Ex Doing?",https://finance.yahoo.com/news/ai-cap-ex-doing-203200779.html?.tsrc=rss,"Thu, 26 Feb 2026 20:32:00 +0000"
Yahoo Finance,This ETF Is Up 30% Since November. Is the Rally Over or Is There More Room To Run?,https://www.barchart.com/story/news/448511/this-etf-is-up-30-since-november-is-the-rally-over-or-is-there-more-room-to-run?.tsrc=rss,"Thu, 26 Feb 2026 18:04:28 +0000"
Yahoo Finance,"ACM Research, Inc. (ACMR) Lags Q4 Earnings Estimates",https://finance.yahoo.com/news/acm-research-inc-acmr-lags-171503165.html?.tsrc=rss,"Thu, 26 Feb 2026 17:15:03 +0000"
Yahoo Finance,Can IBM's New Defense Contract Win Boost Top-Line Growth?,https://finance.yahoo.com/news/ibms-defense-contract-win-boost-152600526.html?.tsrc=rss,"Thu, 26 Feb 2026 15:26:00 +0000"
Yahoo Finance,"The Zacks Analyst Blog Highlights Micron Technology, Oracle, Meta, NVIDIA and SoftBank",https://finance.yahoo.com/news/zacks-analyst-blog-highlights-micron-152500718.html?.tsrc=rss,"Thu, 26 Feb 2026 15:25:00 +0000"
Yahoo Finance,"E&I Cooperative Services Awards Unimarket Cooperative Contract for Source-to-Pay Solutions, Expanding Access for Education Institutions",https://finance.yahoo.com/news/e-cooperative-services-awards-unimarket-141500929.html?.tsrc=rss,"Thu, 26 Feb 2026 14:15:00 +0000"
Yahoo Finance,ADTRAN Beats Q4 Earnings Estimates on Healthy Revenue Growth,https://finance.yahoo.com/news/adtran-beats-q4-earnings-estimates-141200556.html?.tsrc=rss,"Thu, 26 Feb 2026 14:12:00 +0000"
Google News,"Buy Oracle Stock, Analyst Says. Here’s Why. - Barron's",https://news.google.com/rss/articles/CBMiggNBVV95cUxOQmJFTWFjRzdLR0wzTEdLUVBZMTB3d3ZoV3lsQzZJY0xnazRuUlZxS2YyTU42NTZmUEtsSVdrZWFxcE1rb291T2hFTWtGU0ZlRzhTSmNCcGNmYXc5SnlSVzY1UGVrdjg5RlRnTDdzQXQ0WUJzRVpoSE56aFBTRVh3WjVHZzJDMHEyQU9ib3IwdWFud2hxZjlibFpLOTlwRWpQMlBSd0FWMThCV2ctQ1NvOERqNmhEdkliNTFoSnRzN3RnS2ZjQ0ZiZ1plT1pLZ1c5bW11cWJpX0o3Sl9aSWY5MXZJWWQxU19SZ3dkb3hjM0lEcnJxdXQxV3pHX3U5dkpKOU43T2JheDlwcVhnMUlqNWRoYV9ub1gtMTNEbXgtTEVJQ2c4alA3ajRueFZud3piSVZpTURMT2NUa3E4aU1NNDNLTDNqMk94NVlTaFFvYllQZHY3TWJqaDFxTUtYaFJ0REhoMklHSFNiOWhQVmRBN0lHRXVJMFBjQ2xQUGpudUl5dw?oc=5,"Wed, 25 Feb 2026 18:29:00 GMT"
Google News,Micron vs. Oracle: One AI Stock Is a Clear Buy Right Now - Zacks Investment Research,https://news.google.com/rss/articles/CBMimwFBVV95cUxQTTNYZDFWWVEzMnpnSk9MQXF3Y3JXVVExREJsV1JTU2RBckp2MnlmdHJQcUF6UjVodW1ycFZVSWFMVGh5X2ZaakJ2SVVZY0Z1VjNYeW05MnFBYm9Jb1VrMF9IbTJjR0ExSHJnNmd5VTRFcUw2S05MQ04yZVJjSlhCYlBPdnpYNDRUNXFselNZS1Nwb1ZvWGgzM1FOcw?oc=5,"Wed, 25 Feb 2026 19:30:39 GMT"
Google News,"It's time to buy Oracle shares after the sell-off, says Oppenheimer - CNBC",https://news.google.com/rss/articles/CBMipAFBVV95cUxPdzRhQ2pkN3hnRDIwMGh5UWRBVDkyOEs5cHdCT3FjVmRZaklKLUNrLU1lQ01nM0tBNGdxeG1NTW1mMlBKZ1NMRnFTdmZJek8takc3YldCZ0I3dWZMMV9qa1hiZExpZVdjNVhzc2gwZUJ1V2Y5R0lvaGozTGp6d01nM183Z2ZiT3ZYMU93WExQWVM0a2RkX21UYWFJdzRQdkZENC12Vw?oc=5,"Wed, 25 Feb 2026 12:25:00 GMT"
Google News,Wall Street Sees Major Upside in These 4 Beaten-Down Tech Stocks — Is the Selloff Overdone? - 24/7 Wall St.,https://news.google.com/rss/articles/CBMizAFBVV95cUxPczZEWFJVMXJ3eWxJUHdUV25md2JJYWlyYjVTNzNwMVZ1N2hVSDlXMkFyYS1QRHFZUC1VdGhXZUVYUXhVV1B2Yl90MjJXaWF6eER6RmhESXhjUlhaLVo4bXJ0NkxZSDN6OXptX0ZyYlQwM0J6MzVhMzBlUkhwcllsV3pnZWttZHNYNVFwR2VJN25xNEdrMlJHWmRpVXdhZTM2NUl4bjlUR1VqUDg3NkdqbGdLWEFOdzNGb3lSVklsVWtQdjFCVExmeUY5U2U?oc=5,"Fri, 27 Feb 2026 13:40:44 GMT"
Google News,Oracle and Netflix among market cap stock movers on Wednesday - Investing.com,https://news.google.com/rss/articles/CBMiwAFBVV95cUxQbnFFX3BPWmM4VVdPZURlYU5zZm8ybDFRcGJpenVSemJ3VkszcVJ4eG9LdWN1WnlwTGlQcXp0LUZscUNka0pBWWxCekxIQnRFTDFGNVBtQll4M0RpeU1JN2pYamZtRFNPS0JLUVVmaFJQYTIxb3dNWURGZVBwLWxuYk02WktWT0NlUVM3RkQ2czhucXRPTE5SYnZDcVB5eGdnWlVzdERtdmRqblRkUUhsNHJjNVR3TXBDNHRRWEs4WjA?oc=5,"Wed, 25 Feb 2026 15:33:44 GMT"
Google News,Oracle Stock Is Climbing Today: What's Happening? - Benzinga,https://news.google.com/rss/articles/CBMiqwFBVV95cUxQYkFPTGVhdm4zM1dlRXVkdUJWazAxZmRaNmhkLVBtYnVmMFlReHNZYjRrYTN3dUt5b2NlWVhWZzhFS2NkZkttUDIwSmpwdWNXclFjbVVyTFVSc2JfamdBcW1zeWZLWWo1NUQxbW5lbS1ZMm03LVBWenB4LWw4MDQ5RVZ5MXE3SDZ6NnZpdHV4czdUTTZrQjU1T05SZzZ0VDVGX1hpeW12eUNCbVk?oc=5,"Wed, 25 Feb 2026 17:50:23 GMT"
Google News,Oracle said it was ‘highly confident in OpenAI’s ability to raise funds and meet its commitments.’ Cue the stock fall - Fortune,https://news.google.com/rss/articles/CBMilAFBVV95cUxPN1RTcDlLTlNrRVRZOFFsSDdELUsyTGl4anBCWWpHYkNuMm1LSXhYSVlkazhDY0IwWG1YU21LNVlHcVNYRjVRX3FnWmo0YTE3WUJheHhEemktVEpuZWVQY3lQdHBrVmRiYm5KQXF5SmRYR2NWMDF5U3BSVks3NU5oZjF6R2doTXhER0xYOGJCSzJCSlhs?oc=5,"Mon, 02 Feb 2026 08:00:00 GMT"
Google News,Oracle Shares Tumble 50% From Record as AI Caution Intensifies - Bloomberg.com,https://news.google.com/rss/articles/CBMisgFBVV95cUxOMWlTT2twdXRUYjlrVjBsQkgzV1poMHdZSGdqc1Q2TzFidVFZREVsRGQzcXhxUkhmakNrUklqU09CYnMzS19LbnYtQ3ZsTGw1MzluSFpfcGo1QVM5NW9aOVg5X1hiWFVCQnk1MzFIVzViZllGeFpmUnkxclh1dFFUME9zRm5SRXF3QjVfY2FfdXNLdEtjQTNwZnFhVXZPd1hjamdzX0VZYkVwMWlMMTV5VmJB?oc=5,"Thu, 29 Jan 2026 08:00:00 GMT"
Google News,Why Oracle Stock Slumped on Thursday - The Motley Fool,https://news.google.com/rss/articles/CBMihgFBVV95cUxORlQ1QktLRjFvcDRoMzNzdnRrNkxLelRrVm5SZzRNX3hrZFdFSWRCNjJ2M29TdXMwczdKQWVVd1RkaWplM1gwRFBxc2Rja1I0U3QzeG1sV2xocjBXOG5Rem5xSjMyWENrRjIwMjlsdTVJSV9XeDBrZDlpcVQ1VW9Bei1WbTRGQQ?oc=5,"Thu, 29 Jan 2026 08:00:00 GMT"
Google News,Oracle shares gain as $50 billion raise eases data-center funding fears - Reuters,https://news.google.com/rss/articles/CBMirwFBVV95cUxPNlhFblYxSXJmQkozSjNVLUJONGU3Vk5MWmp2UzliY2xxQTlOUWI5QUJibzRES09WbnI4TjZoU1VFWnFmaUVxdzVZQXRvR053LTBNZ1NlTUNHekRSaDMtX1h3SnZ1X1Q2SWw0RFRvZnBrTlJZXzNuc0oyd1B5NEFQLWtfNU9qWHFFVXVmano0QThueEZiWU5WTTVLTDNLc2RpT1VWUVhRelNJd0IyWUw0?oc=5,"Mon, 02 Feb 2026 08:00:00 GMT"
Google News,Is Oracle Stock Losing Its AI Edge? - Forbes,https://news.google.com/rss/articles/CBMimAFBVV95cUxONkJBMlNGaXc2QXplZHBIZVZvNVBxdDh4QTFKOFlVSjN3UGlwRWxjUVF0dVJZNWprS1pNQWVaaHFlRThUX0tLVjVJMDZOYTBIZzNLZy11cW1uRjRCZ2NrU2lJZDZOc0ZyeDJ2bUpZU0NYaW9Cd1R6LWltVEM2UFhWWEgwU3BuVEJVZ2ZKdGViWkJIQmxhQTRiMQ?oc=5,"Wed, 25 Feb 2026 16:09:07 GMT"
Google News,Oracle Stock Upgraded To Buy As Analyst Sees Upside Following Sell Off - Investor's Business Daily,https://news.google.com/rss/articles/CBMihgFBVV95cUxOMl9yV3ZzV1JmeXRxOEpGaWJ3THN1OHk4aW1FRnJyTnFqQlpoNXkwVW9ZeTI3dUh4ZG54ZnlPLTI2YXQ5UmtSeE1xdGhfRHlQTGtaamdCRC1WbHhQajdVU2x3ZVpvNTZUOVd2MWVrVnp6aDNuX2xrcWhoNHZ0MUQ3RXlHQTRsUQ?oc=5,"Wed, 25 Feb 2026 14:50:00 GMT"
Google News,Is Oracle Stock a Millionaire Maker? - The Motley Fool,https://news.google.com/rss/articles/CBMiiAFBVV95cUxQMWNyeEhJZ19XNjlNdEFEVVBMQ0Y4V1dSSXg4bFdiWVljRUJrV1YwV1d5cEQ0cGRnU2x6dFgwY1M0dGRsX3pydXNORWp0d1NsNEFkY1RPUmpUeERCZ1BMMFYxYjJRVGltUk1yYmhzZTZ0YUVuLVp1STdMVndQb2FySDZ3a0ZNOHVu?oc=5,"Wed, 25 Feb 2026 12:05:00 GMT"
Google News,Here's Why Oracle Stock Slumped Today - Nasdaq,https://news.google.com/rss/articles/CBMid0FVX3lxTE50OXpvVmR3aXZadE40ckg0WVMxZVNCTHRiajFUMnpDVFQzN1RwbTVuLTFmUktvQVhRLVdkZUNrelhwOTBINnU1RDgySnZFdUt6WTFzWmk0ODBCaXgzc0JiTktQZ0JLSHF4c3hkVHdOVVlOM1hTN0Vz?oc=5,"Mon, 23 Feb 2026 17:58:00 GMT"
Google News,Oracle Stock Plunges 10% on CapEx Panic: Why the $523B Backlog Justifies a $731 Target - TIKR.com,https://news.google.com/rss/articles/CBMirAFBVV95cUxQTkE0amJ1ZnVQbGladmpOdTNjeU5NSV83QmJzMngxX2dNamhhd0ZTTHdxNzdZQ1FjUWlTbW9HQlJubjd6SnA3REE1Z0lIdUZ4LWVibkFIYk8zajNUOFBFank5ZWtuWXYtMzNKWVpjSmotbWxnVEF1dXNRZDgtb3JFMEZieHNqcU1xSi1BMHN4Unl5ZXFDUHZldkdTWnJxcXhTbV9uNmxVM2otT3gt?oc=5,"Tue, 24 Feb 2026 14:10:35 GMT"
Google News,"Oracle (ORCL) stock price drops as AI-spending doubts bite again, with March earnings next test - TechStock²",https://news.google.com/rss/articles/CBMiswFBVV95cUxPazVuRVhXeDdyMXVKeWtBeWpudmVvQjI4aFN3aGJrTjBXM1hhcXkyZHMzVE1pVEd5SkNrVVZOc2hwUEthZkotUUpNdjlsSTc3eVBYNXVPalJVZTNSX1hZaWdDanZDcnlpTGNnYjBUd0hsdHZzYTdJVF9wOGVSeUFNM3hPYnBvd0IxSzdNOEhrREtjWjRtNUpvbTNzMWo5dVNCaThoeS1IMTMzNXV6eWpzaHl0TQ?oc=5,"Fri, 27 Feb 2026 16:45:37 GMT"
Google News,Oracle stock falls amid Stargate project concerns - Investing.com,https://news.google.com/rss/articles/CBMiqgFBVV95cUxQVWNHbDJCeHJjdlduZmE1LUtKWGUwR2k2RHNJMWdPYS1uLUs0UmRmb3NHVmRuNkJzbjZzSUprYzhGN1dXSjNBazU3N2d3NlA0cHRGZGRqSmI0ekNDei1lbVpzYktNUmVwbUIxZDlkazM1RS1PY0JxQTlLMU5GTFY1UU4zMTNsLXhIUm1IMTNRam9ERjU3QkdxMHl4b2JvUEtsa0QyOWdXNnBUdw?oc=5,"Mon, 23 Feb 2026 22:30:52 GMT"
Google News,Is Oracle Corporation (ORCL) The Best Stock In Technology Sector? - Yahoo Finance,https://news.google.com/rss/articles/CBMihwFBVV95cUxOV0EzbU40UnIyUk1OS1NTU25Nd1piZWRCRUhqdzl3SXo4SWhiNlFNSVIwY25qaHhVX2VabDZrSG9rMTdsSnp0Rm9MNUVFRW9yaFRraEZlYnpHYk1DOE5mZkpNMFZIQ3hTOXozZjRtQjdVMmNGRTQ3R25kbFd6MmFjbG5wcDA5cW8?oc=5,"Thu, 26 Feb 2026 02:11:00 GMT"
Google News,The Risk Factors to Watch Out For in Oracle Stock - Trefis,https://news.google.com/rss/articles/CBMisAFBVV95cUxQRjcyQzdDTURMVGV0TjlEaGpfTDU5NlBvc1BvY1dmM1dXd0dKMVpUWjFUUXJpa0JjOHRXRU1ZakVZWmZLREltQzhZT3ZBZ0Z6Um4yaWVnd1FCdDluX3dsczJJUUxsUWw1aHFSWlptVUV2LXN5S0ZCMWw1T3Z0ZWpXQWdFSHY0YXBFTEI2N0hvV1BhaTFtUElqdkttMzAzekRCaG1OYktTWV9TUkx5Y0l3Qw?oc=5,"Wed, 25 Feb 2026 10:51:26 GMT"
Google News,"Kessler Topaz Meltzer April 6, 2026, Lead Plaintiff Deadline - NewMediaWire",https://news.google.com/rss/articles/CBMilwJBVV95cUxQMFJDRkpOTVJLRzVtOHRrN2lnNUEtV01UN2Qyb3pid2UwX2o0M1AyemZ4cENXTWtXNWdfTUdWWFdrZ1NyeTVxMTZUN3JRM3JKTUdZX011QVZUaEhYWVFFNk8yVGJDS2tYZVZiTk1tUFFqSmxnS3pwVFJUMnZnaWJtV3dIY0tRVkFBd3Myc0NPSkxTbXhseER1dEI5SjVoWEx0SjB2Q2t3ZElZejYwcnl4TUtYaGdhVTRiY2Q5NjBibG8wVVBDT01qYzc1SUlwOVl4Y0NIQXRGajBjN1lXQmNvTGg2QS1KcFM5UzJrSVoxM29XekM2TTkwUjk3VWVmNHhYbWNuUVhZbWxEYUVQWEwtdUp2SEc0cEE?oc=5,"Fri, 27 Feb 2026 20:05:50 GMT"
